{"cameraMode":{"drawMode":0,"name":"Shaded","section":"Shading Mode"},"sceneLighting":false,"audioPlay":false,"sceneViewState":{"m_AlwaysRefresh":false,"showFog":false,"showSkybox":false,"showFlares":false,"showImageEffects":false,"showParticleSystems":false,"showVisualEffectGraphs":true,"m_FxEnabled":true},"in2DMode":false,"pivot":{"x":-0.10071241110563278,"y":0.7034953236579895,"z":-0.775458574295044},"rotation":{"x":0.00023972145572770387,"y":0.9871470928192139,"z":-0.15981177985668183,"w":0.0014807058032602072},"size":1.2417106628417969,"orthographic":false}